{
    "Harris": {
        "kitti": {
            "1e-06": {
                "repeatability": 0.9895374162,
                "matched": 213.45,
                "detected": 215.75
            },
            "1e-05": {
                "repeatability": 0.9878142258,
                "matched": 213.1,
                "detected": 215.75
            },
            "0.0001": {
                "repeatability": 0.9817073207,
                "matched": 211.75,
                "detected": 215.75
            },
            "0.001": {
                "repeatability": 0.9585308241,
                "matched": 206.8,
                "detected": 215.75
            },
            "0.01": {
                "repeatability": 0.8181224522,
                "matched": 176.5,
                "detected": 215.75
            },
            "0.1": {
                "repeatability": 0.4252043241,
                "matched": 91.75,
                "detected": 215.75
            }
        },
        "oxford": {
            "1e-06": {
                "repeatability": 0.9963945291,
                "matched": 120.0,
                "detected": 120.45
            },
            "1e-05": {
                "repeatability": 0.996368447,
                "matched": 120.0,
                "detected": 120.45
            },
            "0.0001": {
                "repeatability": 0.993894295,
                "matched": 119.7,
                "detected": 120.45
            },
            "0.001": {
                "repeatability": 0.9640188067,
                "matched": 116.1,
                "detected": 120.45
            },
            "0.01": {
                "repeatability": 0.8431409154,
                "matched": 101.45,
                "detected": 120.45
            },
            "0.1": {
                "repeatability": 0.5330515356,
                "matched": 64.15,
                "detected": 120.45
            }
        },
        "luco": {
            "1e-06": {
                "repeatability": 0.9882267442,
                "matched": 339.95,
                "detected": 344.0
            },
            "1e-05": {
                "repeatability": 0.9877906977,
                "matched": 339.8,
                "detected": 344.0
            },
            "0.0001": {
                "repeatability": 0.9840116279,
                "matched": 338.5,
                "detected": 344.0
            },
            "0.001": {
                "repeatability": 0.963372093,
                "matched": 331.4,
                "detected": 344.0
            },
            "0.01": {
                "repeatability": 0.8058139535,
                "matched": 277.2,
                "detected": 344.0
            },
            "0.1": {
                "repeatability": 0.4049418605,
                "matched": 139.3,
                "detected": 344.0
            }
        }
    },
    "ISS": {
        "kitti": {
            "1e-06": {
                "repeatability": 0.7914952748,
                "matched": 539.65,
                "detected": 682.15
            },
            "1e-05": {
                "repeatability": 0.7951862814,
                "matched": 542.35,
                "detected": 682.35
            },
            "0.0001": {
                "repeatability": 0.7801637687,
                "matched": 532.3,
                "detected": 682.6
            },
            "0.001": {
                "repeatability": 0.7360634077,
                "matched": 502.2,
                "detected": 682.55
            },
            "0.01": {
                "repeatability": 0.6280630283,
                "matched": 428.3,
                "detected": 682.1
            },
            "0.1": {
                "repeatability": 0.3186653686,
                "matched": 217.4,
                "detected": 682.4
            }
        },
        "oxford": {
            "1e-06": {
                "repeatability": 0.9185344285,
                "matched": 376.7,
                "detected": 410.2
            },
            "1e-05": {
                "repeatability": 0.9163626254,
                "matched": 375.85,
                "detected": 410.25
            },
            "0.0001": {
                "repeatability": 0.9117841166,
                "matched": 373.9,
                "detected": 410.15
            },
            "0.001": {
                "repeatability": 0.8789677333,
                "matched": 360.6,
                "detected": 410.3
            },
            "0.01": {
                "repeatability": 0.7216141256,
                "matched": 296.05,
                "detected": 410.35
            },
            "0.1": {
                "repeatability": 0.3964898418,
                "matched": 162.65,
                "detected": 410.2
            }
        },
        "luco": {
            "1e-06": {
                "repeatability": 0.8058852113,
                "matched": 2414.15,
                "detected": 2995.65
            },
            "1e-05": {
                "repeatability": 0.7888764836,
                "matched": 2364.5,
                "detected": 2997.3
            },
            "0.0001": {
                "repeatability": 0.7323208665,
                "matched": 2194.95,
                "detected": 2997.25
            },
            "0.001": {
                "repeatability": 0.6716928375,
                "matched": 2013.1,
                "detected": 2997.05
            },
            "0.01": {
                "repeatability": 0.6189505095,
                "matched": 1855.4,
                "detected": 2997.65
            },
            "0.1": {
                "repeatability": 0.2832839551,
                "matched": 849.1,
                "detected": 2997.35
            }
        }
    },
    "SIFT": {
        "kitti": {
            "1e-06": {
                "repeatability": 0.7959647926,
                "matched": 167.8,
                "detected": 211.0
            },
            "1e-05": {
                "repeatability": 0.7957255582,
                "matched": 167.75,
                "detected": 211.0
            },
            "0.0001": {
                "repeatability": 0.794563621,
                "matched": 167.5,
                "detected": 211.0
            },
            "0.001": {
                "repeatability": 0.7742977527,
                "matched": 163.25,
                "detected": 211.0
            },
            "0.01": {
                "repeatability": 0.6960028034,
                "matched": 146.85,
                "detected": 211.0
            },
            "0.1": {
                "repeatability": 0.5361207609,
                "matched": 113.0,
                "detected": 211.0
            }
        },
        "oxford": {
            "1e-06": {
                "repeatability": 0.7550453445,
                "matched": 68.75,
                "detected": 91.15
            },
            "1e-05": {
                "repeatability": 0.7550453445,
                "matched": 68.75,
                "detected": 91.15
            },
            "0.0001": {
                "repeatability": 0.7495070726,
                "matched": 68.25,
                "detected": 91.15
            },
            "0.001": {
                "repeatability": 0.7240348157,
                "matched": 65.9,
                "detected": 91.15
            },
            "0.01": {
                "repeatability": 0.6430332346,
                "matched": 58.55,
                "detected": 91.15
            },
            "0.1": {
                "repeatability": 0.4658869195,
                "matched": 42.35,
                "detected": 91.15
            }
        },
        "luco": {
            "1e-06": {
                "repeatability": 0.7069905213,
                "matched": 298.35,
                "detected": 422.0
            },
            "1e-05": {
                "repeatability": 0.7069905213,
                "matched": 298.35,
                "detected": 422.0
            },