{"Harris":{"kitti":{"0.05":{"repeatability":1.0,"matched":213.85,"detected":213.85},"0.1":{"repeatability":1.0,"matched":213.85,"detected":213.85},"0.5":{"repeatability":1.0,"matched":213.85,"detected":213.85},"1.0":{"repeatability":1.0,"matched":213.85,"detected":213.85},"2.0":{"repeatability":1.0,"matched":213.85,"detected":213.85}},"oxford":{"0.05":{"repeatability":1.0,"matched":119.0,"detected":119.0},"0.1":{"repeatability":1.0,"matched":119.0,"detected":119.0},"0.5":{"repeatability":1.0,"matched":119.0,"detected":119.0},"1.0":{"repeatability":1.0,"matched":119.0,"detected":119.0},"2.0":{"repeatability":1.0,"matched":119.0,"detected":119.0}},"luco":{"0.05":{"repeatability":1.0,"matched":344.0,"detected":344.0},"0.1":{"repeatability":1.0,"matched":344.0,"detected":344.0},"0.5":{"repeatability":1.0,"matched":344.0,"detected":344.0},"1.0":{"repeatability":1.0,"matched":344.0,"detected":344.0},"2.0":{"repeatability":1.0,"matched":344.0,"detected":344.0}}},"ISS":{"kitti":{"0.05":{"repeatability":0.9991129315,"matched":682.65,"detected":683.25},"0.1":{"repeatability":0.9989792139,"matched":682.35,"detected":683.05},"0.5":{"repeatability":0.9986849546,"matched":682.45,"detected":683.35},"1.0":{"repeatability":0.9990507578,"matched":682.3,"detected":682.95},"2.0":{"repeatability":0.999046621,"matched":681.9,"detected":682.55}},"oxford":{"0.05":{"repeatability":0.9990394665,"matched":418.6,"detected":419.0},"0.1":{"repeatability":0.9991741417,"matched":418.7,"detected":419.05},"0.5":{"repeatability":0.998918142,"matched":418.65,"detected":419.1},"1.0":{"repeatability":0.998929811,"matched":418.65,"detected":419.1},"2.0":{"repeatability":0.9989416291,"matched":418.65,"detected":419.1}},"luco":{"0.05":{"repeatability":0.9985818369,"matched":2992.85,"detected":2997.1},"0.1":{"repeatability":0.998347969,"matched":2991.15,"detected":2996.1},"0.5":{"repeatability":0.9983646637,"matched":2991.3,"detected":2996.2},"1.0":{"repeatability":0.9983482363,"matched":2992.0,"detected":2996.95},"2.0":{"repeatability":0.9981145411,"matched":2990.9,"detected":2996.55}}},"SIFT":{"kitti":{"0.05":{"repeatability":0.7912160146,"matched":166.0,"detected":209.95},"0.1":{"repeatability":0.7912160146,"matched":166.0,"detected":209.95},"0.5":{"repeatability":0.7912160146,"matched":166.0,"detected":209.95},"1.0":{"repeatability":0.7912160146,"matched":166.0,"detected":209.95},"2.0":{"repeatability":0.7912160146,"matched":166.0,"detected":209.95}},"oxford":{"0.05":{"repeatability":0.7617374023,"matched":67.55,"detected":88.75},"0.1":{"repeatability":0.7617374023,"matched":67.55,"detected":88.75},"0.5":{"repeatability":0.7617374023,"matched":67.55,"detected":88.75},"1.0":{"repeatability":0.7617374023,"matched":67.55,"detected":88.75},"2.0":{"repeatability":0.7617374023,"matched":67.55,"detected":88.75}},"luco":{"0.05":{"repeatability":0.7772511848,"matched":328.0,"detected":422.0},"0.1":{"repeatability":0.7772511848,"matched":328.0,"detected":422.0},"0.5":{"repeatability":0.7772511848,"matched":328.0,"detected":422.0},"1.0":{"repeatability":0.7772511848,"matched":328.0,"detected":422.0},"2.0":{"repeatability":0.7772511848,"matched":328.0,"detected":422.0}}},"USIP":{"kitti":{"0.05":{"repeatability":0.5177734375,"matched":265.1,"detected":512.0},"0.1":{"repeatability":0.5147460938,"matched":263.55,"detected":512.0},"0.5":{"repeatability":0.512890625,"matched":262.6,"detected":512.0},"1.0":{"repeatability":0.5186523438,"matched":265.55,"detected":512.0},"2.0":{"repeatability":0.5122070312,"matched":262.25,"detected":512.0}},"oxford":{"0.05":{"repeatability":0.5305664062,"matched":271.65,"detected":512.0},"0.1":{"repeatability":0.5349609375,"matched":273.9,"detected":512.0},"0.5":{"repeatability":0.532421875,"matched":272.6,"detected":512.0},"1.0":{"repeatability":0.5338867188,"matched":273.35,"detected":512.0},"2.0":{"repeatability":0.5299804688,"matched":271.35,"detected":512.0}},"luco":{"0.05":{"repeatability":0.2453125,"matched":125.6,"detected":512.0},"0.1":{"repeatability":0.2413085938,"matched":123.55,"detected":512.0},"0.5":{"repeatability":0.2326171875,"matched":119.1,"detected":512.0},"1.0":{"repeatability":0.2390625,"matched":122.4,"detected":512.0},"2.0":{"repeatability":0.2431640625,"matched":124.5,"detected":512.0}}}}