{"kitti":{"Harris":0.9809161548,"ISS":0.7879849124,"SIFT":0.234321224,"USIP":0.0455078125},"oxford":{"Harris":0.9945376352,"ISS":0.9129044213,"SIFT":0.1689119924,"USIP":0.0538085938},"luco":{"Harris":0.9825581395,"ISS":0.808412665,"SIFT":0.2322274882,"USIP":0.016015625}}