{"Harris":{"kitti":{"0":{"repeatability":0.9951219512,"matched":204.0,"detected":205.0},"1":{"repeatability":0.9902439024,"matched":203.0,"detected":205.0},"2":{"repeatability":0.9853658537,"matched":202.0,"detected":205.0},"3":{"repeatability":0.9853658537,"matched":202.0,"detected":205.0},"4":{"repeatability":0.9902439024,"matched":203.0,"detected":205.0},"5":{"repeatability":0.9951219512,"matched":204.0,"detected":205.0},"6":{"repeatability":1.0,"matched":205.0,"detected":205.0},"7":{"repeatability":0.9902439024,"matched":203.0,"detected":205.0},"8":{"repeatability":0.9853658537,"matched":202.0,"detected":205.0},"9":{"repeatability":0.9951219512,"matched":204.0,"detected":205.0},"10":{"repeatability":0.9853658537,"matched":202.0,"detected":205.0},"11":{"repeatability":0.9902439024,"matched":203.0,"detected":205.0},"12":{"repeatability":0.9853658537,"matched":202.0,"detected":205.0},"13":{"repeatability":0.9902439024,"matched":203.0,"detected":205.0},"14":{"repeatability":0.9951219512,"matched":204.0,"detected":205.0},"15":{"repeatability":0.9902439024,"matched":203.0,"detected":205.0},"16":{"repeatability":0.9902439024,"matched":203.0,"detected":205.0},"17":{"repeatability":1.0,"matched":205.0,"detected":205.0},"18":{"repeatability":0.9853658537,"matched":202.0,"detected":205.0},"19":{"repeatability":0.9902439024,"matched":203.0,"detected":205.0}},"oxford":{"0":{"repeatability":0.9916666667,"matched":119.0,"detected":120.0},"1":{"repeatability":1.0,"matched":120.0,"detected":120.0},"2":{"repeatability":0.9833333333,"matched":118.0,"detected":120.0},"3":{"repeatability":0.9916666667,"matched":119.0,"detected":120.0},"4":{"repeatability":0.9833333333,"matched":118.0,"detected":120.0},"5":{"repeatability":0.9916666667,"matched":119.0,"detected":120.0},"6":{"repeatability":1.0,"matched":120.0,"detected":120.0},"7":{"repeatability":0.975,"matched":117.0,"detected":120.0},"8":{"repeatability":1.0,"matched":120.0,"detected":120.0},"9":{"repeatability":0.9916666667,"matched":119.0,"detected":120.0},"10":{"repeatability":0.9916666667,"matched":119.0,"detected":120.0},"11":{"repeatability":1.0,"matched":120.0,"detected":120.0},"12":{"repeatability":0.9833333333,"matched":118.0,"detected":120.0},"13":{"repeatability":0.975,"matched":117.0,"detected":120.0},"14":{"repeatability":0.9916666667,"matched":119.0,"detected":120.0},"15":{"repeatability":0.9916666667,"matched":119.0,"detected":120.0},"16":{"repeatability":1.0,"matched":120.0,"detected":120.0},"17":{"repeatability":1.0,"matched":120.0,"detected":120.0},"18":{"repeatability":0.9916666667,"matched":119.0,"detected":120.0},"19":{"repeatability":0.9916666667,"matched":119.0,"detected":120.0}},"luco":{"0":{"repeatability":0.976744186,"matched":336.0,"detected":344.0},"1":{"repeatability":0.988372093,"matched":340.0,"detected":344.0},"2":{"repeatability":0.988372093,"matched":340.0,"detected":344.0},"3":{"repeatability":0.976744186,"matched":336.0,"detected":344.0},"4":{"repeatability":0.9912790698,"matched":341.0,"detected":344.0},"5":{"repeatability":0.9912790698,"matched":341.0,"detected":344.0},"6":{"repeatability":0.9941860465,"matched":342.0,"detected":344.0},"7":{"repeatability":0.976744186,"matched":336.0,"detected":344.0},"8":{"repeatability":0.9825581395,"matched":338.0,"detected":344.0},"9":{"repeatability":0.9854651163,"matched":339.0,"detected":344.0},"10":{"repeatability":0.9854651163,"matched":339.0,"detected":344.0},"11":{"repeatability":0.9825581395,"matched":338.0,"detected":344.0},"12":{"repeatability":0.9912790698,"matched":341.0,"detected":344.0},"13":{"repeatability":0.9854651163,"matched":339.0,"detected":344.0},"14":{"repeatability":0.9854651163,"matched":339.0,"detected":344.0},"15":{"repeatability":0.9854651163,"matched":339.0,"detected":344.0},"16":{"repeatability":0.9941860465,"matched":342.0,"detected":344.0},"17":{"repeatability":0.9825581395,"matched":338.0,"detected":344.0},"18":{"repeatability":0.9912790698,"matched":341.0,"detected":344.0},"19":{"repeatability":0.9854651163,"matched":339.0,"detected":344.0}}},"ISS":{"kitti":{"0":{"repeatability":0.8028985507,"matched":554.0,"detected":690.0},"1":{"repeatability":0.7997097242,"matched":551.0,"detected":689.0},"2":{"repeatability":0.8130434783,"matched":561.0,"detected":690.0},"3":{"repeatability":0.7927536232,"matched":547.0,"detected":690.0},"4":{"repeatability":0.8072463768,"matched":557.0,"detected":690.0},"5":{"repeatability":0.8,"matched":552.0,"detected":690.0},"6":{"repeatability":0.8,"matched":552.0,"detected":690.0},"7":{"repeatability":0.8023255814,"matched":552.0,"detected":688.0},"8":{"repeatability":0.7880986938,"matched":543.0,"detected":689.0},"9":{"repeatability":0.801161103,"matched":552.0,"detected":689.0},"10":{"repeatability":0.7924528302,"matched":546.0,"detected":689.0},"11":{"repeatability":0.8043478261,"matched":555.0,"detected":690.0},"12":{"repeatability":0.7956521739,"matched":549.0,"detected":690.0},"13":{"repeatability":0.7906976744,"matched":544.0,"detected":688.0},"14":{"repeatability":0.784057971,"matched":541.0,"detected":690.0},"15":{"repeatability":0.8028985507,"matched":554.0,"detected":690.0},"16":{"repeatability":0.7971014493,"matched":550.0,"detected":690.0},"17":{"repeatability":0.7956521739,"matched":549.0,"detected":690.0},"18":{"repeatability":0.7971014493,"matched":550.0,"detected":690.0},"19":{"repeatability":0.784057971,"matched":541.0,"detected":690.0}},"oxford":{"0":{"repeatability":0.9200913242,"matched":403.0,"detected":438.0},"1":{"repeatability":0.9181818182,"matched":404.0,"detected":440.0},"2":{"repeatability":0.9204545455,"matched":405.0,"detected":440.0},"3":{"repeatability":0.9181818182,"matched":404.0,"detected":440.0},"4":{"repeatability":0.9248291572,"matched":406.0,"detected":439.0},"5":{"repeatability":0.9248291572,"matched":406.0,"detected":439.0},"6":{"repeatability":0.9181818182,"matched":404.0,"detected":440.0},"7":{"repeatability":0.9181818182,"matched":404.0,"detected":440.0},"8":{"repeatability":0.9159090909,"matched":403.0,"detected":440.0},"9":{"repeatability":0.9136363636,"matched":402.0,"detected":440.0},"10":{"repeatability":0.9202733485,"matched":404.0,"detected":439.0},"11":{"repeatability":0.9181818182,"matched":404.0,"detected":440.0},"12":{"repeatability":0.9181818182,"matched":404.0,"detected":440.0},"13":{"repeatability":0.9227272727,"matched":406.0,"detected":440.0},"14":{"repeatability":0.925,"matched":407.0,"detected":440.0},"15":{"repeatability":0.9227272727,"matched":406.0,"detected":440.0},"16":{"repeatability":0.9181818182,"matched":404.0,"detected":440.0},"17":{"repeatability":0.9181818182,"matched":404.0,"detected":440.0},"18":{"repeatability":0.9227272727,"matched":406.0,"detected":440.0},"19":{"repeatability":0.9227272727,"matched":406.0,"detected":440.0}},"luco":{"0":{"repeatability":0.8197596796,"matched":2456.0,"detected":2996.0},"1":{"repeatability":0.809015025,"matched":2423.0,"detected":2995.0},"2":{"repeatability":0.8092697566,"matched":2427.0,"detected":2999.0},"3":{"repeatability":0.8094125501,"matched":2425.0,"detected":2996.0},"4":{"repeatability":0.805203469,"matched":2414.0,"detected":2998.0},"5":{"repeatability":0.8073975342,"matched":2423.0,"detected":3001.0},"6":{"repeatability":0.8119373124,"matched":2435.0,"detected":2999.0},"7":{"repeatability":0.8160881175,"matched":2445.0,"detected":2996.0},"8":{"repeatability":0.8056018673,"matched":2416.0,"detected":2999.0},"9":{"repeatability":0.807345576,"matched":2418.0,"detected":2995.0},"10":{"repeatability":0.8089363121,"matched":2426.0,"detected":2999.0},"11":{"repeatability":0.8067423231,"matched":2417.0,"detected":2996.0},"12":{"repeatability":0.8135423616,"matched":2439.0,"detected":2998.0},"13":{"repeatability":0.8077307564,"matched":2424.0,"detected":3001.0},"14":{"repeatability":0.8125416945,"matched":2436.0,"detected":2998.0},"15":{"repeatability":0.8128128128,"matched":2436.0,"detected":2997.0},"16":{"repeatability":0.8068712475,"matched":2419.0,