{"Harris":{"kitti":{"0":{"repeatability":1.0,"matched":211.0,"detected":211.0},"1":{"repeatability":1.0,"matched":211.0,"detected":211.0},"2":{"repeatability":1.0,"matched":211.0,"detected":211.0},"3":{"repeatability":0.9857819905,"matched":208.0,"detected":211.0},"4":{"repeatability":1.0,"matched":211.0,"detected":211.0},"5":{"repeatability":1.0,"matched":211.0,"detected":211.0},"6":{"repeatability":0.9952606635,"matched":210.0,"detected":211.0},"7":{"repeatability":1.0,"matched":211.0,"detected":211.0},"8":{"repeatability":0.9952606635,"matched":210.0,"detected":211.0},"9":{"repeatability":0.9952606635,"matched":210.0,"detected":211.0},"10":{"repeatability":1.0,"matched":211.0,"detected":211.0},"11":{"repeatability":0.981042654,"matched":207.0,"detected":211.0},"12":{"repeatability":0.9952606635,"matched":210.0,"detected":211.0},"13":{"repeatability":0.9952606635,"matched":210.0,"detected":211.0},"14":{"repeatability":0.9763033175,"matched":206.0,"detected":211.0},"15":{"repeatability":0.990521327,"matched":209.0,"detected":211.0},"16":{"repeatability":0.990521327,"matched":209.0,"detected":211.0},"17":{"repeatability":0.9952606635,"matched":210.0,"detected":211.0},"18":{"repeatability":0.9763033175,"matched":206.0,"detected":211.0},"19":{"repeatability":0.9620853081,"matched":203.0,"detected":211.0}},"oxford":{"0":{"repeatability":1.0,"matched":117.0,"detected":117.0},"1":{"repeatability":0.9914529915,"matched":116.0,"detected":117.0},"2":{"repeatability":0.9914529915,"matched":116.0,"detected":117.0},"3":{"repeatability":1.0,"matched":117.0,"detected":117.0},"4":{"repeatability":1.0,"matched":117.0,"detected":117.0},"5":{"repeatability":1.0,"matched":117.0,"detected":117.0},"6":{"repeatability":0.9914529915,"matched":116.0,"detected":117.0},"7":{"repeatability":1.0,"matched":117.0,"detected":117.0},"8":{"repeatability":0.9914529915,"matched":116.0,"detected":117.0},"9":{"repeatability":1.0,"matched":117.0,"detected":117.0},"10":{"repeatability":0.9914529915,"matched":116.0,"detected":117.0},"11":{"repeatability":1.0,"matched":117.0,"detected":117.0},"12":{"repeatability":0.9914529915,"matched":116.0,"detected":117.0},"13":{"repeatability":0.9914529915,"matched":116.0,"detected":117.0},"14":{"repeatability":1.0,"matched":117.0,"detected":117.0},"15":{"repeatability":0.9914529915,"matched":116.0,"detected":117.0},"16":{"repeatability":1.0,"matched":117.0,"detected":117.0},"17":{"repeatability":1.0,"matched":117.0,"detected":117.0},"18":{"repeatability":1.0,"matched":117.0,"detected":117.0},"19":{"repeatability":0.9914529915,"matched":116.0,"detected":117.0}},"luco":{"0":{"repeatability":1.0,"matched":344.0,"detected":344.0},"1":{"repeatability":0.9854651163,"matched":339.0,"detected":344.0},"2":{"repeatability":0.9825581395,"matched":338.0,"detected":344.0},"3":{"repeatability":0.9912790698,"matched":341.0,"detected":344.0},"4":{"repeatability":0.9796511628,"matched":337.0,"detected":344.0},"5":{"repeatability":0.988372093,"matched":340.0,"detected":344.0},"6":{"repeatability":0.9854651163,"matched":339.0,"detected":344.0},"7":{"repeatability":0.988372093,"matched":340.0,"detected":344.0},"8":{"repeatability":0.988372093,"matched":340.0,"detected":344.0},"9":{"repeatability":0.988372093,"matched":340.0,"detected":344.0},"10":{"repeatability":0.9825581395,"matched":338.0,"detected":344.0},"11":{"repeatability":0.9796511628,"matched":337.0,"detected":344.0},"12":{"repeatability":0.9796511628,"matched":337.0,"detected":344.0},"13":{"repeatability":0.9912790698,"matched":341.0,"detected":344.0},"14":{"repeatability":0.9825581395,"matched":338.0,"detected":344.0},"15":{"repeatability":0.9912790698,"matched":341.0,"detected":344.0},"16":{"repeatability":0.9825581395,"matched":338.0,"detected":344.0},"17":{"repeatability":0.9854651163,"matched":339.0,"detected":344.0},"18":{"repeatability":0.988372093,"matched":340.0,"detected":344.0},"19":{"repeatability":0.9912790698,"matched":341.0,"detected":344.0}}},"ISS":{"kitti":{"0":{"repeatability":1.0,"matched":666.0,"detected":666.0},"1":{"repeatability":0.7954887218,"matched":529.0,"detected":665.0},"2":{"repeatability":0.7882882883,"matched":525.0,"detected":666.0},"3":{"repeatability":0.8093093093,"matched":539.0,"detected":666.0},"4":{"repeatability":0.7852852853,"matched":523.0,"detected":666.0},"5":{"repeatability":0.7978883861,"matched":529.0,"detected":663.0},"6":{"repeatability":0.7897897898,"matched":526.0,"detected":666.0},"7":{"repeatability":0.7942942943,"matched":529.0,"detected":666.0},"8":{"repeatability":0.8003003003,"matched":533.0,"detected":666.0},"9":{"repeatability":0.7927927928,"matched":528.0,"detected":666.0},"10":{"repeatability":0.7957957958,"matched":530.0,"detected":666.0},"11":{"repeatability":0.8012048193,"matched":532.0,"detected":664.0},"12":{"repeatability":0.7867867868,"matched":524.0,"detected":666.0},"13":{"repeatability":0.8063063063,"matched":537.0,"detected":666.0},"14":{"repeatability":0.8033033033,"matched":535.0,"detected":666.0},"15":{"repeatability":0.8105263158,"matched":539.0,"detected":665.0},"16":{"repeatability":0.7921686747,"matched":526.0,"detected":664.0},"17":{"repeatability":0.7909774436,"matched":526.0,"detected":665.0},"18":{"repeatability":0.792481203,"matched":527.0,"detected":665.0},"19":{"repeatability":0.8018018018,"matched":534.0,"detected":666.0}},"oxford":{"0":{"repeatability":1.0,"matched":434.0,"detected":434.0},"1":{"repeatability":0.9099307159,"matched":394.0,"detected":433.0},"2":{"repeatability":0.9078341014,"matched":394.0,"detected":434.0},"3":{"repeatability":0.9101382488,"matched":395.0,"detected":434.0},"4":{"repeatability":0.9078341014,"matched":394.0,"detected":434.0},"5":{"repeatability":0.9055299539,"matched":393.0,"detected":434.0},"6":{"repeatability":0.9170506912,"matched":398.0,"detected":434.0},"7":{"repeatability":0.9101382488,"matched":395.0,"detected":434.0},"8":{"repeatability":0.9147465438,"matched":397.0,"detected":434.0},"9":{"repeatability":0.9101382488,"matched":395.0,"detected":434.0},"10":{"repeatability":0.9032258065,"matched":392.0,"detected":434.0},"11":{"repeatability":0.9124423963,"matched":396.0,"detected":434.0},"12":{"repeatability":0.9147465438,"matched":397.0,"detected":434.0},"13":{"repeatability":0.9147465438,"matched":397.0,"detected":434.0},"14":{"repeatability":0.9055299539,"matched":393.0,"detected":434.0},"15":{"repeatability":0.9143518519,"matched":395.0,"detected":432.0},"16":{"repeatability":0.9147465438,"matched":397.0,"detected":434.0},"17":{"repeatability":0.9074074074,"matched":392.0,"detected":432.0},"18":{"repeatability":0.9147465438,"matched":397.0,"detected":434.0},"19":{"repeatability":0.9145496536,"matched":396.0,"detected":433.0}},"luco":{"0":{"repeatability":0.9986666667,"matched":2996.0,"detected":3000.0},"1":{"repeatability":0.8105403602,"matched":2430.0,"detected":2998.0},"2":{"repeatability":0.8104138852,"matched":2428.0,"detected":2996.0},"3":{"repeatability":0.808411215,"matched":2422.0,"detected":2996.0},"4":{"repeatability":0.8079492318,"matched":2419.0,"detected":2994.0},"5":{"repeatability":0.8088088088,"matched":2424.0,"detected":2997.0},"6":{"repeatability":0.8083972009,"matched":2426.0,"detected":3001.0},"7":{"repeatability":0.8097463284,"matched":2426.0,"detected":2996.0},"8":{"repeatability":0.8144192256,"matched":2440.0,"detected":2996.0},"9":{"repeatability":0.8035356905,"matched":2409.0,"detected":2998.0},"10":{"repeatability":0.8103965345,"matched":2432.0,"detected":3001.0},"11":{"repeatability":0.8068068068,"matched":2418.0,"detected":2997.0},"12":{"repeatability":0.8082694231,"matched":2424.0,"detected":2999.0},"13":{"repeatability":0.8059452238,"matched":2413.0,"detected":2994.0},"14":{"repeatability":0.8033333333,"matched":2410.0,"detected":3000.0},"15":{"repeatability":0.8063333333,"matched":2419.0,"detected":3000.0},"16":{"repeatability":0.8071404738,"matched":2419.0,"detected":2997.0},"17":{"repeatability":0.8121454788,"matched":2434.0,"detected":2997.0},