{"Harris":{"kitti":{"0":{"repeatability":1.0,"matched":215.0,"detected":215.0},"1":{"repeatability":0.9862730858,"matched":212.0,"detected":215.0},"2":{"repeatability":0.9882221539,"matched":212.4,"detected":215.0},"3":{"repeatability":0.9864059938,"matched":212.0,"detected":215.0},"4":{"repeatability":0.9926885953,"matched":213.4,"detected":215.0},"5":{"repeatability":0.9827053734,"matched":211.2,"detected":215.0},"6":{"repeatability":0.9844569257,"matched":211.6,"detected":215.0},"7":{"repeatability":0.9905879168,"matched":213.0,"detected":215.0},"8":{"repeatability":0.9854698604,"matched":211.8,"detected":215.0},"9":{"repeatability":0.9927690717,"matched":213.4,"detected":215.0},"10":{"repeatability":0.9890253794,"matched":212.6,"detected":215.0},"11":{"repeatability":0.9889570963,"matched":212.6,"detected":215.0},"12":{"repeatability":0.9901159568,"matched":212.8,"detected":215.0},"13":{"repeatability":0.9836415068,"matched":211.4,"detected":215.0},"14":{"repeatability":0.9836939385,"matched":211.4,"detected":215.0},"15":{"repeatability":0.9890066771,"matched":212.6,"detected":215.0},"16":{"repeatability":0.9936153862,"matched":213.6,"detected":215.0},"17":{"repeatability":0.9872616509,"matched":212.2,"detected":215.0},"18":{"repeatability":0.9796815964,"matched":210.6,"detected":215.0},"19":{"repeatability":0.9853649971,"matched":211.8,"detected":215.0}},"oxford":{"0":{"repeatability":1.0,"matched":120.4,"detected":120.4},"1":{"repeatability":0.9984615385,"matched":120.2,"detected":120.4},"2":{"repeatability":0.9984615385,"matched":120.2,"detected":120.4},"3":{"repeatability":1.0,"matched":120.4,"detected":120.4},"4":{"repeatability":0.9984615385,"matched":120.2,"detected":120.4},"5":{"repeatability":0.9984615385,"matched":120.2,"detected":120.4},"6":{"repeatability":0.9984615385,"matched":120.2,"detected":120.4},"7":{"repeatability":1.0,"matched":120.4,"detected":120.4},"8":{"repeatability":1.0,"matched":120.4,"detected":120.4},"9":{"repeatability":1.0,"matched":120.4,"detected":120.4},"10":{"repeatability":1.0,"matched":120.4,"detected":120.4},"11":{"repeatability":1.0,"matched":120.4,"detected":120.4},"12":{"repeatability":1.0,"matched":120.4,"detected":120.4},"13":{"repeatability":1.0,"matched":120.4,"detected":120.4},"14":{"repeatability":1.0,"matched":120.4,"detected":120.4},"15":{"repeatability":1.0,"matched":120.4,"detected":120.4},"16":{"repeatability":0.9984615385,"matched":120.2,"detected":120.4},"17":{"repeatability":0.9984615385,"matched":120.2,"detected":120.4},"18":{"repeatability":1.0,"matched":120.4,"detected":120.4},"19":{"repeatability":0.9984615385,"matched":120.2,"detected":120.4}},"luco":{"0":{"repeatability":1.0,"matched":344.0,"detected":344.0},"1":{"repeatability":0.9796511628,"matched":337.0,"detected":344.0},"2":{"repeatability":0.9912790698,"matched":341.0,"detected":344.0},"3":{"repeatability":0.988372093,"matched":340.0,"detected":344.0},"4":{"repeatability":0.9912790698,"matched":341.0,"detected":344.0},"5":{"repeatability":0.9912790698,"matched":341.0,"detected":344.0},"6":{"repeatability":0.988372093,"matched":340.0,"detected":344.0},"7":{"repeatability":0.9912790698,"matched":341.0,"detected":344.0},"8":{"repeatability":0.9854651163,"matched":339.0,"detected":344.0},"9":{"repeatability":0.988372093,"matched":340.0,"detected":344.0},"10":{"repeatability":0.9854651163,"matched":339.0,"detected":344.0},"11":{"repeatability":0.9825581395,"matched":338.0,"detected":344.0},"12":{"repeatability":0.9854651163,"matched":339.0,"detected":344.0},"13":{"repeatability":0.9912790698,"matched":341.0,"detected":344.0},"14":{"repeatability":0.9825581395,"matched":338.0,"detected":344.0},"15":{"repeatability":0.9854651163,"matched":339.0,"detected":344.0},"16":{"repeatability":0.9854651163,"matched":339.0,"detected":344.0},"17":{"repeatability":0.988372093,"matched":340.0,"detected":344.0},"18":{"repeatability":0.988372093,"matched":340.0,"detected":344.0},"19":{"repeatability":0.976744186,"matched":336.0,"detected":344.0}}},"ISS":{"kitti":{"0":{"repeatability":0.9982676407,"matched":695.8,"detected":697.0},"1":{"repeatability":0.7962819197,"matched":555.6,"detected":698.2},"2":{"repeatability":0.8005025451,"matched":558.2,"detected":697.8},"3":{"repeatability":0.806760475,"matched":562.4,"detected":697.6},"4":{"repeatability":0.7940798768,"matched":553.6,"detected":697.8},"5":{"repeatability":0.8006998866,"matched":558.6,"detected":698.0},"6":{"repeatability":0.807410404,"matched":563.2,"detected":698.0},"7":{"repeatability":0.8019077686,"matched":559.4,"detected":698.0},"8":{"repeatability":0.7985019913,"matched":556.8,"detected":697.8},"9":{"repeatability":0.8000542461,"matched":558.0,"detected":698.0},"10":{"repeatability":0.8018002263,"matched":558.8,"detected":697.4},"11":{"repeatability":0.7979240704,"matched":556.0,"detected":697.4},"12":{"repeatability":0.7986517009,"matched":556.6,"detected":697.6},"13":{"repeatability":0.8047648453,"matched":561.2,"detected":697.8},"14":{"repeatability":0.813775872,"matched":567.8,"detected":698.2},"15":{"repeatability":0.8058855934,"matched":562.0,"detected":697.8},"16":{"repeatability":0.8074707504,"matched":562.8,"detected":697.6},"17":{"repeatability":0.8005559404,"matched":558.0,"detected":697.4},"18":{"repeatability":0.7978042585,"matched":556.0,"detected":697.4},"19":{"repeatability":0.8056248078,"matched":561.6,"detected":697.6}},"oxford":{"0":{"repeatability":0.9990068326,"matched":405.2,"detected":405.6},"1":{"repeatability":0.9178114695,"matched":372.4,"detected":405.8},"2":{"repeatability":0.9178888948,"matched":372.4,"detected":405.8},"3":{"repeatability":0.9149161298,"matched":370.8,"detected":405.4},"4":{"repeatability":0.9173012718,"matched":371.8,"detected":405.4},"5":{"repeatability":0.9163328878,"matched":371.8,"detected":405.8},"6":{"repeatability":0.920229312,"matched":373.2,"detected":405.6},"7":{"repeatability":0.9171693649,"matched":371.8,"detected":405.4},"8":{"repeatability":0.9241569561,"matched":374.8,"detected":405.6},"9":{"repeatability":0.9186512548,"matched":372.4,"detected":405.4},"10":{"repeatability":0.9143499048,"matched":370.8,"detected":405.6},"11":{"repeatability":0.9192192353,"matched":372.8,"detected":405.6},"12":{"repeatability":0.9161734234,"matched":371.4,"detected":405.4},"13":{"repeatability":0.9192120943,"matched":372.8,"detected":405.6},"14":{"repeatability":0.9127413675,"matched":369.8,"detected":405.2},"15":{"repeatability":0.9211063044,"matched":373.4,"detected":405.4},"16":{"repeatability":0.9182229677,"matched":372.6,"detected":405.8},"17":{"repeatability":0.9173223684,"matched":371.8,"detected":405.4},"18":{"repeatability":0.9177346655,"matched":372.2,"detected":405.6},"19":{"repeatability":0.9152518143,"matched":371.2,"detected":405.6}},"luco":{"0":{"repeatability":0.9991327328,"matched":2995.2,"detected":2997.8},"1":{"repeatability":0.8197476132,"matched":2455.8,"detected":2995.8},"2":{"repeatability":0.8221318178,"matched":2463.6,"detected":2996.6},"3":{"repeatability":0.8207726732,"matched":2459.2,"detected":2996.2},"4":{"repeatability":0.8252569436,"matched":2472.8,"detected":2996.4},"5":{"repeatability":0.8185396689,"matched":2453.0,"detected":2996.8},"6":{"repeatability":0.8200440601,"matched":2458.0,"detected":2997.4},"7":{"repeatability":0.823580518,"matched":2468.6,"detected":2997.4},"8":{"repeatability":0.8243144701,"matched":2470.8,"detected":2997.4},"9":{"repeatability":0.8176298731,"matched":2448.8,"detected":2995.0},"10":{"repeatability":0.8240478983,"matched":2470.0,"detected":2997.4},"11":{"repeatability":0.8176723209,"matched":2450.4,"detected":2996.8},"12":{"repeatability":0.8238985341,"matched":2468.4,"detected":2996.0},"13":{"repeatability":0.8227996473,"matched":2465.6,"detected":2996.6},"14":{"repeatability":0.8243693602,"matched":2470.8,"detected":2997.2},"15":{"repeatability":0.8218219507,"matched":2463.0,"detected":2997.0},"16":{"repeatability":0.820456283,"matched":2459.4,"detected":2997.6},