{"Harris":{"kitti":{"0":{"repeatability":0.9943601466,"matched":210.4,"detected":211.6},"1":{"repeatability":0.9896152072,"matched":209.4,"detected":211.6},"2":{"repeatability":0.9895914839,"matched":209.4,"detected":211.6},"3":{"repeatability":0.9877360299,"matched":209.0,"detected":211.6},"4":{"repeatability":0.9915427034,"matched":209.8,"detected":211.6},"5":{"repeatability":0.9896015023,"matched":209.4,"detected":211.6},"6":{"repeatability":0.9877720088,"matched":209.0,"detected":211.6},"7":{"repeatability":0.9905584401,"matched":209.6,"detected":211.6},"8":{"repeatability":0.9885351784,"matched":209.2,"detected":211.6},"9":{"repeatability":0.9885661903,"matched":209.2,"detected":211.6},"10":{"repeatability":0.9866970314,"matched":208.8,"detected":211.6},"11":{"repeatability":0.989579144,"matched":209.4,"detected":211.6},"12":{"repeatability":0.9857177353,"matched":208.6,"detected":211.6},"13":{"repeatability":0.9839616489,"matched":208.2,"detected":211.6},"14":{"repeatability":0.9830184159,"matched":208.0,"detected":211.6},"15":{"repeatability":0.9905497866,"matched":209.6,"detected":211.6},"16":{"repeatability":0.9877309785,"matched":209.0,"detected":211.6},"17":{"repeatability":0.9819183503,"matched":207.8,"detected":211.6},"18":{"repeatability":0.986797764,"matched":208.8,"detected":211.6},"19":{"repeatability":0.9791793656,"matched":207.2,"detected":211.6}},"oxford":{"0":{"repeatability":0.9967213115,"matched":120.4,"detected":120.8},"1":{"repeatability":0.9966790685,"matched":120.4,"detected":120.8},"2":{"repeatability":0.9983739837,"matched":120.6,"detected":120.8},"3":{"repeatability":0.9983050847,"matched":120.6,"detected":120.8},"4":{"repeatability":0.9917187927,"matched":119.8,"detected":120.8},"5":{"repeatability":0.9967213115,"matched":120.4,"detected":120.8},"6":{"repeatability":0.993413708,"matched":120.0,"detected":120.8},"7":{"repeatability":0.993331481,"matched":120.0,"detected":120.8},"8":{"repeatability":0.993331481,"matched":120.0,"detected":120.8},"9":{"repeatability":0.9934419566,"matched":120.0,"detected":120.8},"10":{"repeatability":0.9949841532,"matched":120.2,"detected":120.8},"11":{"repeatability":0.9950679728,"matched":120.2,"detected":120.8},"12":{"repeatability":0.9884127818,"matched":119.4,"detected":120.8},"13":{"repeatability":0.9933730576,"matched":120.0,"detected":120.8},"14":{"repeatability":1.0,"matched":120.8,"detected":120.8},"15":{"repeatability":0.9917337133,"matched":119.8,"detected":120.8},"16":{"repeatability":0.9983739837,"matched":120.6,"detected":120.8},"17":{"repeatability":0.9950679728,"matched":120.2,"detected":120.8},"18":{"repeatability":0.9934552846,"matched":120.0,"detected":120.8},"19":{"repeatability":0.9966657405,"matched":120.4,"detected":120.8}},"luco":{"0":{"repeatability":0.9912790698,"matched":341.0,"detected":344.0},"1":{"repeatability":0.9825581395,"matched":338.0,"detected":344.0},"2":{"repeatability":0.9912790698,"matched":341.0,"detected":344.0},"3":{"repeatability":0.9941860465,"matched":342.0,"detected":344.0},"4":{"repeatability":0.9912790698,"matched":341.0,"detected":344.0},"5":{"repeatability":0.9854651163,"matched":339.0,"detected":344.0},"6":{"repeatability":0.988372093,"matched":340.0,"detected":344.0},"7":{"repeatability":0.9854651163,"matched":339.0,"detected":344.0},"8":{"repeatability":0.9825581395,"matched":338.0,"detected":344.0},"9":{"repeatability":0.9912790698,"matched":341.0,"detected":344.0},"10":{"repeatability":0.9854651163,"matched":339.0,"detected":344.0},"11":{"repeatability":0.976744186,"matched":336.0,"detected":344.0},"12":{"repeatability":0.9912790698,"matched":341.0,"detected":344.0},"13":{"repeatability":0.9912790698,"matched":341.0,"detected":344.0},"14":{"repeatability":0.9941860465,"matched":342.0,"detected":344.0},"15":{"repeatability":0.9825581395,"matched":338.0,"detected":344.0},"16":{"repeatability":0.9912790698,"matched":341.0,"detected":344.0},"17":{"repeatability":0.9854651163,"matched":339.0,"detected":344.0},"18":{"repeatability":0.988372093,"matched":340.0,"detected":344.0},"19":{"repeatability":0.976744186,"matched":336.0,"detected":344.0}}},"ISS":{"kitti":{"0":{"repeatability":0.8043786583,"matched":545.0,"detected":677.6},"1":{"repeatability":0.8015336837,"matched":543.0,"detected":677.6},"2":{"repeatability":0.8013840334,"matched":543.0,"detected":677.6},"3":{"repeatability":0.8040813629,"matched":544.8,"detected":677.6},"4":{"repeatability":0.8050360476,"matched":545.4,"detected":677.4},"5":{"repeatability":0.8021012221,"matched":543.6,"detected":677.8},"6":{"repeatability":0.7992231853,"matched":540.8,"detected":676.8},"7":{"repeatability":0.8018925468,"matched":543.4,"detected":677.6},"8":{"repeatability":0.7991297616,"matched":541.4,"detected":677.6},"9":{"repeatability":0.8005645817,"matched":542.6,"detected":677.8},"10":{"repeatability":0.8010765119,"matched":542.6,"detected":677.4},"11":{"repeatability":0.7994349073,"matched":541.8,"detected":677.8},"12":{"repeatability":0.8057208699,"matched":546.2,"detected":678.0},"13":{"repeatability":0.799516298,"matched":541.4,"detected":677.2},"14":{"repeatability":0.803476798,"matched":544.2,"detected":677.4},"15":{"repeatability":0.800445043,"matched":542.4,"detected":677.6},"16":{"repeatability":0.8023025087,"matched":543.4,"detected":677.4},"17":{"repeatability":0.8049126437,"matched":545.4,"detected":677.6},"18":{"repeatability":0.8041165388,"matched":544.6,"detected":677.4},"19":{"repeatability":0.7957854752,"matched":538.8,"detected":677.2}},"oxford":{"0":{"repeatability":0.9177577585,"matched":385.6,"detected":420.2},"1":{"repeatability":0.9138931194,"matched":383.8,"detected":420.0},"2":{"repeatability":0.9158531831,"matched":384.8,"detected":420.2},"3":{"repeatability":0.9148393416,"matched":384.2,"detected":420.0},"4":{"repeatability":0.9115802811,"matched":383.0,"detected":420.2},"5":{"repeatability":0.9154325775,"matched":384.8,"detected":420.4},"6":{"repeatability":0.9187725077,"matched":386.2,"detected":420.4},"7":{"repeatability":0.9110615154,"matched":382.8,"detected":420.2},"8":{"repeatability":0.9158482562,"matched":384.8,"detected":420.2},"9":{"repeatability":0.9149025679,"matched":384.4,"detected":420.2},"10":{"repeatability":0.9196866252,"matched":386.6,"detected":420.4},"11":{"repeatability":0.9158510787,"matched":384.8,"detected":420.2},"12":{"repeatability":0.9153692594,"matched":384.6,"detected":420.2},"13":{"repeatability":0.9163973631,"matched":385.2,"detected":420.4},"14":{"repeatability":0.9176732543,"matched":385.4,"detected":420.0},"15":{"repeatability":0.9182475035,"matched":386.0,"detected":420.4},"16":{"repeatability":0.9110090746,"matched":382.6,"detected":420.0},"17":{"repeatability":0.9187647577,"matched":386.0,"detected":420.2},"18":{"repeatability":0.9167983918,"matched":385.4,"detected":420.4},"19":{"repeatability":0.9163627216,"matched":385.2,"detected":420.4}},"luco":{"0":{"repeatability":0.8260521633,"matched":2477.0,"detected":2998.6},"1":{"repeatability":0.807325512,"matched":2420.2,"detected":2997.8},"2":{"repeatability":0.810388444,"matched":2427.6,"detected":2995.6},"3":{"repeatability":0.8068820376,"matched":2420.0,"detected":2999.2},"4":{"repeatability":0.8062600442,"matched":2416.2,"detected":2996.8},"5":{"repeatability":0.8064024104,"matched":2418.4,"detected":2999.0},"6":{"repeatability":0.8119286813,"matched":2434.0,"detected":2997.8},"7":{"repeatability":0.8112273932,"matched":2430.6,"detected":2996.2},"8":{"repeatability":0.8073303027,"matched":2418.6,"detected":2995.8},"9":{"repeatability":0.8140759262,"matched":2440.6,"detected":2998.0},"10":{"repeatability":0.803294913,"matched":2408.6,"detected":2998.4},"11":{"repeatability":0.8083261109,"matched":2423.2,"detected":2997.8},"12":{"repeatability":0.8055405761,"matched":2413.4,"detected":2996.0},"13":{"repeatability":0.8082109363,"matched":2421.4,"detected":2996.0},"14":{"repeatability":0.8077386654,"matched":2421.6,"detected":2998.0},"15":{"repeatability":0.8125751502,